Price,Adj Close,Close,High,Low,Open,Volume
Ticker,AAPL,AAPL,AAPL,AAPL,AAPL,AAPL
Date,,,,,,
2022-01-03 00:00:00+00:00,179.2736053466797,182.00999450683594,182.8800048828125,177.7100067138672,177.8300018310547,104487900
2022-01-04 00:00:00+00:00,176.9983367919922,179.6999969482422,182.94000244140625,179.1199951171875,182.6300048828125,99310400
2022-01-05 00:00:00+00:00,172.29019165039062,174.9199981689453,180.1699981689453,174.63999938964844,179.61000061035156,94537600
2022-01-06 00:00:00+00:00,169.4141082763672,172.0,175.3000030517578,171.63999938964844,172.6999969482422,96904000
2022-01-07 00:00:00+00:00,169.58154296875,172.1699981689453,174.13999938964844,171.02999877929688,172.88999938964844,86709100
2022-01-10 00:00:00+00:00,169.6012420654297,172.19000244140625,172.5,168.1699981689453,169.0800018310547,106765600
2022-01-11 00:00:00+00:00,172.44778442382812,175.0800018310547,175.17999267578125,170.82000732421875,172.32000732421875,76138300
2022-01-12 00:00:00+00:00,172.89105224609375,175.52999877929688,177.17999267578125,174.82000732421875,176.1199951171875,74805200
2022-01-13 00:00:00+00:00,169.6012420654297,172.19000244140625,176.6199951171875,171.7899932861328,175.77999877929688,84505800
2022-01-14 00:00:00+00:00,170.46803283691406,173.07000732421875,173.77999877929688,171.08999633789062,171.33999633789062,80440800
2022-01-18 00:00:00+00:00,167.2471923828125,169.8000030517578,172.5399932861328,169.41000366210938,171.50999450683594,90956700
2022-01-19 00:00:00+00:00,163.73085021972656,166.22999572753906,171.0800018310547,165.94000244140625,170.0,94815000
2022-01-20 00:00:00+00:00,162.0366973876953,164.50999450683594,169.67999267578125,164.17999267578125,166.97999572753906,91420500
2022-01-21 00:00:00+00:00,159.9683074951172,162.41000366210938,166.3300018310547,162.3000030517578,164.4199981689453,122848900
2022-01-24 00:00:00+00:00,159.19015502929688,161.6199951171875,162.3000030517578,154.6999969482422,160.02000427246094,162294600
2022-01-25 00:00:00+00:00,157.37782287597656,159.77999877929688,162.75999450683594,157.02000427246094,158.97999572753906,115798400
2022-01-26 00:00:00+00:00,157.28916931152344,159.69000244140625,164.38999938964844,157.82000732421875,163.5,108275300
2022-01-27 00:00:00+00:00,156.8262481689453,159.22000122070312,163.83999633789062,158.27999877929688,162.4499969482422,121954600
2022-01-28 00:00:00+00:00,167.7692108154297,170.3300018310547,170.35000610351562,162.8000030517578,165.7100067138672,179935700
2022-01-31 00:00:00+00:00,172.15231323242188,174.77999877929688,175.0,169.50999450683594,170.16000366210938,115541600
2022-02-01 00:00:00+00:00,171.98486328125,174.61000061035156,174.83999633789062,172.30999755859375,174.00999450683594,86213900
2022-02-02 00:00:00+00:00,173.19638061523438,175.83999633789062,175.8800048828125,173.3300018310547,174.75,84914300
2022-02-03 00:00:00+00:00,170.30056762695312,172.89999389648438,176.24000549316406,172.1199951171875,174.47999572753906,89418100
2022-02-04 00:00:00+00:00,170.01458740234375,172.38999938964844,174.10000610351562,170.67999267578125,171.67999267578125,82465400
2022-02-07 00:00:00+00:00,169.2946319580078,171.66000366210938,173.9499969482422,170.9499969482422,172.86000061035156,77251200
2022-02-08 00:00:00+00:00,172.42095947265625,174.8300018310547,175.35000610351562,171.42999267578125,171.72999572753906,74829200
2022-02-09 00:00:00+00:00,173.8509521484375,176.27999877929688,176.64999389648438,174.89999389648438,176.0500030517578,71285000
2022-02-10 00:00:00+00:00,169.74832153320312,172.1199951171875,175.47999572753906,171.5500030517578,174.13999938964844,90865900
2022-02-11 00:00:00+00:00,166.3162384033203,168.63999938964844,173.0800018310547,168.0399932861328,172.3300018310547,98670700
2022-02-14 00:00:00+00:00,166.55294799804688,168.8800048828125,169.5800018310547,166.55999755859375,167.3699951171875,86185500
2022-02-15 00:00:00+00:00,170.4090576171875,172.7899932861328,172.9499969482422,170.25,170.97000122070312,62527400
2022-02-16 00:00:00+00:00,170.17236328125,172.5500030517578,173.33999633789062,170.0500030517578,171.85000610351562,61177400
2022-02-17 00:00:00+00:00,166.55294799804688,168.8800048828125,171.91000366210938,168.47000122070312,171.02999877929688,69589300
2022-02-18 00:00:00+00:00,164.99472045898438,167.3000030517578,170.5399932861328,166.19000244140625,169.82000732421875,82772700
2022-02-22 00:00:00+00:00,162.05577087402344,164.32000732421875,166.69000244140625,162.14999389648438,164.97999572753906,91162800
2022-02-23 00:00:00+00:00,157.86434936523438,160.07000732421875,166.14999389648438,159.75,165.5399932861328,90009200
2022-02-24 00:00:00+00:00,160.49755859375,162.74000549316406,162.85000610351562,152.0,152.5800018310547,141147500
2022-02-25 00:00:00+00:00,162.57847595214844,164.85000610351562,165.1199951171875,160.8699951171875,163.83999633789062,91974200
2022-02-28 00:00:00+00:00,162.84474182128906,165.1199951171875,165.4199981689453,162.42999267578125,163.05999755859375,95056600
2022-03-01 00:00:00+00:00,160.95118713378906,163.1999969482422,166.60000610351562,161.97000122070312,164.6999969482422,83474400
2022-03-02 00:00:00+00:00,164.264892578125,166.55999755859375,167.36000061035156,162.9499969482422,164.38999938964844,79724800
2022-03-03 00:00:00+00:00,163.93943786621094,166.22999572753906,168.91000366210938,165.5500030517578,168.47000122070312,76678400
2022-03-04 00:00:00+00:00,160.92161560058594,163.1699981689453,165.5500030517578,162.10000610351562,164.49000549316406,83737200
2022-03-07 00:00:00+00:00,157.10494995117188,159.3000030517578,165.02000427246094,159.0399932861328,163.36000061035156,96418800
2022-03-08 00:00:00+00:00,155.2705841064453,157.44000244140625,162.8800048828125,155.8000030517578,158.82000732421875,131148300
2022-03-09 00:00:00+00:00,160.7046661376953,162.9499969482422,163.41000366210938,159.41000366210938,161.47999572753906,91454900
2022-03-10 00:00:00+00:00,156.335693359375,158.52000427246094,160.38999938964844,155.97999572753906,160.1999969482422,105342000
2022-03-11 00:00:00+00:00,152.597900390625,154.72999572753906,159.27999877929688,154.5,158.92999267578125,96970100
2022-03-14 00:00:00+00:00,148.54457092285156,150.6199951171875,154.1199951171875,150.10000610351562,151.4499969482422,108732100
2022-03-15 00:00:00+00:00,152.9529571533203,155.08999633789062,155.57000732421875,150.3800048828125,150.89999389648438,92964300
2022-03-16 00:00:00+00:00,157.39096069335938,159.58999633789062,160.0,154.4600067138672,157.0500030517578,102300200
2022-03-17 00:00:00+00:00,158.40675354003906,160.6199951171875,161.0,157.6300048828125,158.61000061035156,75615400
2022-03-18 00:00:00+00:00,161.72042846679688,163.97999572753906,164.47999572753906,159.75999450683594,160.50999450683594,123511700
2022-03-21 00:00:00+00:00,163.10118103027344,165.3800048828125,166.35000610351562,163.00999450683594,163.50999450683594,95811400
2022-03-22 00:00:00+00:00,166.49378967285156,168.82000732421875,169.4199981689453,164.91000366210938,165.50999450683594,81532000
2022-03-23 00:00:00+00:00,167.86460876464844,170.2100067138672,172.63999938964844,167.64999389648438,167.99000549316406,98062700
2022-03-24 00:00:00+00:00,171.6714324951172,174.07000732421875,174.13999938964844,170.2100067138672,171.05999755859375,90131400
2022-03-25 00:00:00+00:00,172.31248474121094,174.72000122070312,175.27999877929688,172.75,173.8800048828125,80546200
2022-03-28 00:00:00+00:00,173.18035888671875,175.60000610351562,175.72999572753906,172.0,172.1699981689453,90371900
2022-03-29 00:00:00+00:00,176.49403381347656,178.9600067138672,179.00999450683594,176.33999633789062,176.69000244140625,100589400
2022-03-30 00:00:00+00:00,175.3204345703125,177.77000427246094,179.61000061035156,176.6999969482422,178.5500030517578,92633200
2022-03-31 00:00:00+00:00,172.20399475097656,174.61000061035156,178.02999877929688,174.39999389648438,177.83999633789062,103049300
2022-04-01 00:00:00+00:00,171.9081268310547,174.30999755859375,174.8800048828125,171.94000244140625,174.02999877929688,78751300
2022-04-04 00:00:00+00:00,175.981201171875,178.44000244140625,178.49000549316406,174.44000244140625,174.57000732421875,76468400
2022-04-05 00:00:00+00:00,172.64779663085938,175.05999755859375,178.3000030517578,174.4199981689453,177.5,73401800
2022-04-06 00:00:00+00:00,169.46229553222656,171.8300018310547,173.6300048828125,170.1300048828125,172.36000061035156,89058800
2022-04-07 00:00:00+00:00,169.7680206298828,172.13999938964844,173.36000061035156,169.85000610351562,171.16000366210938,77594700
2022-04-08 00:00:00+00:00,167.7462615966797,170.08999633789062,171.77999877929688,169.1999969482422,171.77999877929688,76575500
2022-04-11 00:00:00+00:00,163.46604919433594,165.75,169.02999877929688,165.5,168.7100067138672,72246700
2022-04-12 00:00:00+00:00,165.34974670410156,167.66000366210938,169.8699951171875,166.63999938964844,168.02000427246094,79265200
2022-04-13 00:00:00+00:00,168.05198669433594,170.39999389648438,171.0399932861328,166.77000427246094,167.38999938964844,70618900
2022-04-14 00:00:00+00:00,163.0124053955078,165.2899932861328,171.27000427246094,165.0399932861328,170.6199951171875,75329400
2022-04-18 00:00:00+00:00,162.7954559326172,165.07000732421875,166.60000610351562,163.57000732421875,163.9199981689453,69023900
2022-04-19 00:00:00+00:00,165.0933380126953,167.39999389648438,167.82000732421875,163.91000366210938,165.02000427246094,67723800
2022-04-20 00:00:00+00:00,164.92567443847656,167.22999572753906,168.8800048828125,166.10000610351562,168.75999450683594,67929800
2022-04-21 00:00:00+00:00,164.1268310546875,166.4199981689453,171.52999877929688,165.91000366210938,168.91000366210938,87227800
2022-04-22 00:00:00+00:00,159.56063842773438,161.7899932861328,167.8699951171875,161.5,166.4600067138672,84882400
2022-04-25 00:00:00+00:00,160.63560485839844,162.8800048828125,163.1699981689453,158.4600067138672,161.1199951171875,96046400
2022-04-26 00:00:00+00:00,154.63941955566406,156.8000030517578,162.33999633789062,156.72000122070312,162.25,95623200
2022-04-27 00:00:00+00:00,154.41256713867188,156.57000732421875,159.7899932861328,155.3800048828125,155.91000366210938,88063200
2022-04-28 00:00:00+00:00,161.38516235351562,163.63999938964844,164.52000427246094,158.92999267578125,159.25,130216800
2022-04-29 00:00:00+00:00,155.47767639160156,157.64999389648438,166.1999969482422,157.25,161.83999633789062,131747600
2022-05-02 00:00:00+00:00,155.78341674804688,157.9600067138672,158.22999572753906,153.27000427246094,156.7100067138672,123055300
2022-05-03 00:00:00+00:00,157.28245544433594,159.47999572753906,160.7100067138672,156.32000732421875,158.14999389648438,88966500
2022-05-04 00:00:00+00:00,163.7323455810547,166.02000427246094,166.47999572753906,159.25999450683594,159.6699981689453,108256500
2022-05-05 00:00:00+00:00,154.6098175048828,156.77000427246094,164.0800018310547,154.9499969482422,163.85000610351562,130525300
2022-05-06 00:00:00+00:00,155.34066772460938,157.27999877929688,159.44000244140625,154.17999267578125,156.00999450683594,116124600
2022-05-09 00:00:00+00:00,150.18504333496094,152.05999755859375,155.8300018310547,151.49000549316406,154.92999267578125,131577900
2022-05-10 00:00:00+00:00,152.60484313964844,154.50999450683594,156.74000549316406,152.92999267578125,155.52000427246094,115366700
2022-05-11 00:00:00+00:00,144.69358825683594,146.5,155.4499969482422,145.80999755859375,153.5,142689800
2022-05-12 00:00:00+00:00,140.80218505859375,142.55999755859375,146.1999969482422,138.8000030517578,142.77000427246094,182602000
2022-05-13 00:00:00+00:00,145.29608154296875,147.11000061035156,148.10000610351562,143.11000061035156,144.58999633789062,113990900
2022-05-16 00:00:00+00:00,143.74542236328125,145.5399932861328,147.52000427246094,144.17999267578125,145.5500030517578,86643800
2022-05-17 00:00:00+00:00,147.39981079101562,149.24000549316406,149.77000427246094,146.67999267578125,148.86000061035156,78336300
2022-05-18 00:00:00+00:00,139.08364868164062,140.82000732421875,147.36000061035156,139.89999389648438,146.85000610351562,109742900
2022-05-19 00:00:00+00:00,135.65643310546875,137.35000610351562,141.66000366210938,136.60000610351562,139.8800048828125,136095600
2022-05-20 00:00:00+00:00,135.89344787597656,137.58999633789062,140.6999969482422,132.61000061035156,139.08999633789062,137426100
2022-05-23 00:00:00+00:00,141.34542846679688,143.11000061035156,143.25999450683594,137.64999389648438,137.7899932861328,117726300
2022-05-24 00:00:00+00:00,138.6293182373047,140.36000061035156,141.97000122070312,137.3300018310547,140.80999755859375,104132700
2022-05-25 00:00:00+00:00,138.787353515625,140.52000427246094,141.7899932861328,138.33999633789062,138.42999267578125,92482700
2022-05-26 00:00:00+00:00,142.00714111328125,143.77999877929688,144.33999633789062,137.13999938964844,137.38999938964844,90601500
2022-05-27 00:00:00+00:00,147.7948760986328,149.63999938964844,149.67999267578125,145.25999450683594,145.38999938964844,90978500
2022-05-31 00:00:00+00:00,147.0047149658203,148.83999633789062,150.66000366210938,146.83999633789062,149.07000732421875,103718400
2022-06-01 00:00:00+00:00,146.8763427734375,148.7100067138672,151.74000549316406,147.67999267578125,149.89999389648438,74286600
2022-06-02 00:00:00+00:00,149.34556579589844,151.2100067138672,151.27000427246094,146.86000061035156,147.8300018310547,72348100
2022-06-03 00:00:00+00:00,143.58740234375,145.3800048828125,147.97000122070312,144.4600067138672,146.89999389648438,88570300
2022-06-06 00:00:00+00:00,144.33804321289062,146.13999938964844,148.57000732421875,144.89999389648438,147.02999877929688,71598400
2022-06-07 00:00:00+00:00,146.8763427734375,148.7100067138672,149.0,144.10000610351562,144.35000610351562,67808200
2022-06-08 00:00:00+00:00,146.1356201171875,147.9600067138672,149.8699951171875,147.4600067138672,148.5800018310547,53950200
2022-06-09 00:00:00+00:00,140.88121032714844,142.63999938964844,147.9499969482422,142.52999877929688,147.0800018310547,69473000
2022-06-10 00:00:00+00:00,135.4391632080078,137.1300048828125,140.75999450683594,137.05999755859375,140.27999877929688,91437900
2022-06-13 00:00:00+00:00,130.25389099121094,131.8800048828125,135.1999969482422,131.44000244140625,132.8699951171875,122207100
2022-06-14 00:00:00+00:00,131.12303161621094,132.75999450683594,133.88999938964844,131.47999572753906,133.1300048828125,84784300
2022-06-15 00:00:00+00:00,133.76010131835938,135.42999267578125,137.33999633789062,132.16000366210938,134.2899932861328,91533000
2022-06-16 00:00:00+00:00,128.456298828125,130.05999755859375,132.38999938964844,129.0399932861328,132.0800018310547,108123900
2022-06-17 00:00:00+00:00,129.9378204345703,131.55999755859375,133.0800018310547,129.80999755859375,130.07000732421875,134520300
2022-06-21 00:00:00+00:00,134.19468688964844,135.8699951171875,137.05999755859375,133.32000732421875,133.4199981689453,81000500
2022-06-22 00:00:00+00:00,133.6811065673828,135.35000610351562,137.75999450683594,133.91000366210938,134.7899932861328,73409200
2022-06-23 00:00:00+00:00,136.56509399414062,138.27000427246094,138.58999633789062,135.6300048828125,136.82000732421875,72433800
2022-06-24 00:00:00+00:00,139.91326904296875,141.66000366210938,141.91000366210938,139.77000427246094,139.89999389648438,89116800
2022-06-27 00:00:00+00:00,139.91326904296875,141.66000366210938,143.49000549316406,140.97000122070312,142.6999969482422,70207900
2022-06-28 00:00:00+00:00,135.74530029296875,137.44000244140625,143.4199981689453,137.32000732421875,142.1300048828125,67083400
2022-06-29 00:00:00+00:00,137.5132598876953,139.22999572753906,140.6699981689453,136.6699981689453,137.4600067138672,66242400
2022-06-30 00:00:00+00:00,135.0341796875,136.72000122070312,138.3699951171875,133.77000427246094,137.25,98964500
2022-07-01 00:00:00+00:00,137.21694946289062,138.92999267578125,139.0399932861328,135.66000366210938,136.0399932861328,71051600
2022-07-05 00:00:00+00:00,139.8145294189453,141.55999755859375,141.61000061035156,136.92999267578125,137.77000427246094,73353800
2022-07-06 00:00:00+00:00,141.15773010253906,142.9199981689453,144.1199951171875,141.0800018310547,141.35000610351562,74064300
2022-07-07 00:00:00+00:00,144.54547119140625,146.35000610351562,146.5500030517578,143.27999877929688,143.2899932861328,66253700
2022-07-08 00:00:00+00:00,145.22694396972656,147.0399932861328,147.5500030517578,145.0,145.25999450683594,64547800
2022-07-11 00:00:00+00:00,143.0836944580078,144.8699951171875,146.63999938964844,143.77999877929688,145.6699981689453,63141600
2022-07-12 00:00:00+00:00,144.0614776611328,145.86000061035156,148.4499969482422,145.0500030517578,145.75999450683594,77588800
2022-07-13 00:00:00+00:00,143.69606018066406,145.49000549316406,146.4499969482422,142.1199951171875,142.99000549316406,71185600
2022-07-14 00:00:00+00:00,146.6393280029297,148.47000122070312,148.9499969482422,143.25,144.0800018310547,78140700
2022-07-15 00:00:00+00:00,148.31834411621094,150.1699981689453,150.86000061035156,148.1999969482422,149.77999877929688,76259900
2022-07-18 00:00:00+00:00,145.256591796875,147.07000732421875,151.57000732421875,146.6999969482422,150.74000549316406,81420900
2022-07-19 00:00:00+00:00,149.1381072998047,151.0,151.22999572753906,146.91000366210938,147.9199981689453,82982400
2022-07-20 00:00:00+00:00,151.1529541015625,153.0399932861328,153.72000122070312,150.3699951171875,151.1199951171875,64823400
2022-07-21 00:00:00+00:00,153.4344940185547,155.35000610351562,155.57000732421875,151.94000244140625,154.5,65086600
2022-07-22 00:00:00+00:00,152.1900177001953,154.08999633789062,156.27999877929688,153.41000366210938,155.38999938964844,66675400
2022-07-25 00:00:00+00:00,151.0640869140625,152.9499969482422,155.0399932861328,152.27999877929688,154.00999450683594,53623900
2022-07-26 00:00:00+00:00,149.730712890625,151.60000610351562,153.08999633789062,150.8000030517578,152.25999450683594,55138700
2022-07-27 00:00:00+00:00,154.85671997070312,156.7899932861328,157.3300018310547,152.16000366210938,152.5800018310547,78620700
2022-07-28 00:00:00+00:00,155.40982055664062,157.35000610351562,157.63999938964844,154.41000366210938,156.97999572753906,81378700
2022-07-29 00:00:00+00:00,160.50621032714844,162.50999450683594,163.6300048828125,159.5,161.24000549316406,101786900
2022-08-01 00:00:00+00:00,159.5185089111328,161.50999450683594,163.58999633789062,160.88999938964844,161.00999450683594,67829400
2022-08-02 00:00:00+00:00,158.03701782226562,160.00999450683594,162.41000366210938,159.6300048828125,160.10000610351562,59907000
2022-08-03 00:00:00+00:00,164.08157348632812,166.1300048828125,166.58999633789062,160.75,160.83999633789062,82507500
2022-08-04 00:00:00+00:00,163.76548767089844,165.80999755859375,167.19000244140625,164.42999267578125,166.00999450683594,55474100
2022-08-05 00:00:00+00:00,163.53805541992188,165.35000610351562,165.85000610351562,163.0,163.2100067138672,56697000
2022-08-08 00:00:00+00:00,163.0632781982422,164.8699951171875,167.80999755859375,164.1999969482422,166.3699951171875,60276900
2022-08-09 00:00:00+00:00,163.11273193359375,164.9199981689453,165.82000732421875,163.25,164.02000427246094,63135500
2022-08-10 00:00:00+00:00,167.38540649414062,169.24000549316406,169.33999633789062,166.89999389648438,167.67999267578125,70170500
2022-08-11 00:00:00+00:00,166.6436309814453,168.49000549316406,170.99000549316406,168.19000244140625,170.05999755859375,57149200
2022-08-12 00:00:00+00:00,170.21405029296875,172.10000610351562,172.1699981689453,169.39999389648438,169.82000732421875,68039400
2022-08-15 00:00:00+00:00,171.2921142578125,173.19000244140625,173.38999938964844,171.35000610351562,171.52000427246094,54091700
2022-08-16 00:00:00+00:00,171.13388061523438,173.02999877929688,173.7100067138672,171.66000366210938,172.77999877929688,56377100
2022-08-17 00:00:00+00:00,172.63720703125,174.5500030517578,176.14999389648438,172.57000732421875,172.77000427246094,79542000
2022-08-18 00:00:00+00:00,172.24160766601562,174.14999389648438,174.89999389648438,173.1199951171875,173.75,62290100
2022-08-19 00:00:00+00:00,169.64041137695312,171.52000427246094,173.74000549316406,171.30999755859375,173.02999877929688,70346300
2022-08-22 00:00:00+00:00,165.7336883544922,167.57000732421875,169.86000061035156,167.13999938964844,169.69000244140625,69026800
2022-08-23 00:00:00+00:00,165.3974151611328,167.22999572753906,168.7100067138672,166.64999389648438,167.0800018310547,54147100
2022-08-24 00:00:00+00:00,165.6941375732422,167.52999877929688,168.11000061035156,166.25,167.32000732421875,53841500
2022-08-25 00:00:00+00:00,168.16673278808594,170.02999877929688,170.13999938964844,168.35000610351562,168.77999877929688,51218200
2022-08-26 00:00:00+00:00,161.8269805908203,163.6199951171875,171.0500030517578,163.55999755859375,170.57000732421875,78961000
2022-08-29 00:00:00+00:00,159.61154174804688,161.3800048828125,162.89999389648438,159.82000732421875,161.14999389648438,73314000
2022-08-30 00:00:00+00:00,157.1685791015625,158.91000366210938,162.55999755859375,157.72000122070312,162.1300048828125,77906200
2022-08-31 00:00:00+00:00,155.49713134765625,157.22000122070312,160.5800018310547,157.13999938964844,160.30999755859375,87991100
2022-09-01 00:00:00+00:00,156.22900390625,157.9600067138672,158.4199981689453,154.6699981689453,156.63999938964844,74229900
2022-09-02 00:00:00+00:00,154.1025390625,155.80999755859375,160.36000061035156,154.97000122070312,159.75,76957800
2022-09-06 00:00:00+00:00,152.83657836914062,154.52999877929688,157.08999633789062,153.69000244140625,156.47000122070312,73714800
2022-09-07 00:00:00+00:00,154.25091552734375,155.9600067138672,156.6699981689453,153.61000061035156,154.82000732421875,87449600
2022-09-08 00:00:00+00:00,152.76739501953125,154.4600067138672,156.36000061035156,152.67999267578125,154.63999938964844,84923800
2022-09-09 00:00:00+00:00,155.6454620361328,157.3699951171875,157.82000732421875,154.75,155.47000122070312,68028800
2022-09-12 00:00:00+00:00,161.63906860351562,163.42999267578125,164.25999450683594,159.3000030517578,159.58999633789062,104956000
2022-09-13 00:00:00+00:00,152.15415954589844,153.83999633789062,160.5399932861328,153.3699951171875,159.89999389648438,122656600
2022-09-14 00:00:00+00:00,153.6080322265625,155.30999755859375,157.10000610351562,153.61000061035156,154.7899932861328,87965400
2022-09-15 00:00:00+00:00,150.70025634765625,152.3699951171875,155.24000549316406,151.3800048828125,154.64999389648438,90481100
2022-09-16 00:00:00+00:00,149.04856872558594,150.6999969482422,151.35000610351562,148.3699951171875,151.2100067138672,162278800
2022-09-19 00:00:00+00:00,152.78713989257812,154.47999572753906,154.55999755859375,149.10000610351562,149.30999755859375,81474200
2022-09-20 00:00:00+00:00,155.18063354492188,156.89999389648438,158.0800018310547,153.0800018310547,153.39999389648438,107689800
2022-09-21 00:00:00+00:00,152.03549194335938,153.72000122070312,158.74000549316406,153.60000610351562,157.33999633789062,101696800
2022-09-22 00:00:00+00:00,151.06622314453125,152.74000549316406,154.47000122070312,150.91000366210938,152.3800048828125,86652500
2022-09-23 00:00:00+00:00,148.7815399169922,150.42999267578125,151.47000122070312,148.55999755859375,151.19000244140625,96029900
2022-09-26 00:00:00+00:00,149.1177978515625,150.77000427246094,153.77000427246094,149.63999938964844,149.66000366210938,93339400
2022-09-27 00:00:00+00:00,150.09693908691406,151.75999450683594,154.72000122070312,149.9499969482422,152.74000549316406,84442700
2022-09-28 00:00:00+00:00,148.19798278808594,149.83999633789062,150.63999938964844,144.83999633789062,147.63999938964844,146691400
2022-09-29 00:00:00+00:00,140.91864013671875,142.47999572753906,146.72000122070312,140.67999267578125,146.10000610351562,128138200
2022-09-30 00:00:00+00:00,136.685546875,138.1999969482422,143.10000610351562,138.0,141.27999877929688,124925300
2022-10-03 00:00:00+00:00,140.8889617919922,142.4499969482422,143.07000732421875,137.69000244140625,138.2100067138672,114311700
2022-10-04 00:00:00+00:00,144.49899291992188,146.10000610351562,146.22000122070312,144.25999450683594,145.02999877929688,87830100
2022-10-05 00:00:00+00:00,144.795654296875,146.39999389648438,147.3800048828125,143.00999450683594,144.07000732421875,79471000
2022-10-06 00:00:00+00:00,143.8363037109375,145.42999267578125,147.5399932861328,145.22000122070312,145.80999755859375,68402200
2022-10-07 00:00:00+00:00,138.55484008789062,140.08999633789062,143.10000610351562,139.4499969482422,142.5399932861328,85925600
2022-10-10 00:00:00+00:00,138.88119506835938,140.4199981689453,141.88999938964844,138.57000732421875,140.4199981689453,74899000
2022-10-11 00:00:00+00:00,137.45701599121094,138.97999572753906,141.35000610351562,138.22000122070312,139.89999389648438,77033700
2022-10-12 00:00:00+00:00,136.82400512695312,138.33999633789062,140.36000061035156,138.16000366210938,139.1300048828125,70433700
2022-10-13 00:00:00+00:00,141.42308044433594,142.99000549316406,143.58999633789062,134.3699951171875,134.99000549316406,113224000
2022-10-14 00:00:00+00:00,136.8635711669922,138.3800048828125,144.52000427246094,138.19000244140625,144.30999755859375,88598000
2022-10-17 00:00:00+00:00,140.8494110107422,142.41000366210938,142.89999389648438,140.27000427246094,141.07000732421875,85250900
2022-10-18 00:00:00+00:00,142.1747283935547,143.75,146.6999969482422,140.61000061035156,145.49000549316406,99136600
2022-10-19 00:00:00+00:00,142.2835235595703,143.86000061035156,144.9499969482422,141.5,141.69000244140625,61758300
2022-10-20 00:00:00+00:00,141.81866455078125,143.38999938964844,145.88999938964844,142.64999389648438,143.02000427246094,64522000
2022-10-21 00:00:00+00:00,145.65614318847656,147.27000427246094,147.85000610351562,142.64999389648438,142.8699951171875,86548600
2022-10-24 00:00:00+00:00,147.812255859375,149.4499969482422,150.22999572753906,146.0,147.19000244140625,75981900
2022-10-25 00:00:00+00:00,150.67059326171875,152.33999633789062,152.49000549316406,149.36000061035156,150.08999633789062,74732300
2022-10-26 00:00:00+00:00,147.71336364746094,149.35000610351562,151.99000549316406,148.0399932861328,150.9600067138672,88194300
2022-10-27 00:00:00+00:00,143.2132568359375,144.8000030517578,149.0500030517578,144.1300048828125,148.07000732421875,109180200
2022-10-28 00:00:00+00:00,154.03334045410156,155.74000549316406,157.5,147.82000732421875,148.1999969482422,164762400
2022-10-31 00:00:00+00:00,151.65965270996094,153.33999633789062,154.24000549316406,151.9199981689453,153.16000366210938,97943200
2022-11-01 00:00:00+00:00,148.9990997314453,150.64999389648438,155.4499969482422,149.1300048828125,155.0800018310547,80379300
2022-11-02 00:00:00+00:00,143.44070434570312,145.02999877929688,152.1699981689453,145.0,148.9499969482422,93604600
2022-11-03 00:00:00+00:00,137.3581085205078,138.8800048828125,142.8000030517578,138.75,142.05999755859375,97918500
2022-11-04 00:00:00+00:00,137.09060668945312,138.3800048828125,142.6699981689453,134.3800048828125,142.08999633789062,140814800
2022-11-07 00:00:00+00:00,137.62557983398438,138.9199981689453,139.14999389648438,135.6699981689453,137.11000061035156,83374600
2022-11-08 00:00:00+00:00,138.20016479492188,139.5,141.42999267578125,137.49000549316406,140.41000366210938,89908500
2022-11-09 00:00:00+00:00,133.61329650878906,134.8699951171875,138.5500030517578,134.58999633789062,138.5,74917800
2022-11-10 00:00:00+00:00,145.50149536132812,146.8699951171875,146.8699951171875,139.5,141.24000549316406,118854000
2022-11-11 00:00:00+00:00,148.30511474609375,149.6999969482422,150.00999450683594,144.3699951171875,145.82000732421875,93979700
2022-11-14 00:00:00+00:00,146.8983612060547,148.27999877929688,150.27999877929688,147.42999267578125,148.97000122070312,73374100
2022-11-15 00:00:00+00:00,148.64193725585938,150.0399932861328,153.58999633789062,148.55999755859375,152.22000122070312,89868300
2022-11-16 00:00:00+00:00,147.40359497070312,148.7899932861328,149.8699951171875,147.2899932861328,149.1300048828125,64218300
2022-11-17 00:00:00+00:00,149.31564331054688,150.72000122070312,151.47999572753906,146.14999389648438,146.42999267578125,80389400
2022-11-18 00:00:00+00:00,149.8803253173828,151.2899932861328,152.6999969482422,149.97000122070312,152.30999755859375,74829600
2022-11-21 00:00:00+00:00,146.630859375,148.00999450683594,150.3699951171875,147.72000122070312,150.16000366210938,58724100
2022-11-22 00:00:00+00:00,148.78067016601562,150.17999267578125,150.4199981689453,146.92999267578125,148.1300048828125,51804100
2022-11-23 00:00:00+00:00,149.662353515625,151.07000732421875,151.8300018310547,149.33999633789062,149.4499969482422,58301400
2022-11-25 00:00:00+00:00,146.72996520996094,148.11000061035156,148.8800048828125,147.1199951171875,148.30999755859375,35195900
2022-11-28 00:00:00+00:00,142.87619018554688,144.22000122070312,146.63999938964844,143.3800048828125,145.13999938964844,69246000
2022-11-29 00:00:00+00:00,139.8546142578125,141.1699981689453,144.80999755859375,140.35000610351562,144.2899932861328,83763800
2022-11-30 00:00:00+00:00,146.6507110595703,148.02999877929688,148.72000122070312,140.5500030517578,141.39999389648438,111380900
2022-12-01 00:00:00+00:00,146.92808532714844,148.30999755859375,149.1300048828125,146.61000061035156,148.2100067138672,71250400
2022-12-02 00:00:00+00:00,146.43275451660156,147.80999755859375,148.0,145.64999389648438,145.9600067138672,65447400
2022-12-05 00:00:00+00:00,145.26376342773438,146.6300048828125,150.9199981689453,145.77000427246094,147.77000427246094,68826400
2022-12-06 00:00:00+00:00,141.57839965820312,142.91000366210938,147.3000030517578,141.9199981689453,147.07000732421875,64727200
2022-12-07 00:00:00+00:00,139.6267547607422,140.94000244140625,143.3699951171875,140.0,142.19000244140625,69721100
2022-12-08 00:00:00+00:00,141.32081604003906,142.64999389648438,143.52000427246094,141.10000610351562,142.36000061035156,62128300
2022-12-09 00:00:00+00:00,140.8354034423828,142.16000366210938,145.57000732421875,140.89999389648438,142.33999633789062,76097000
2022-12-12 00:00:00+00:00,143.14370727539062,144.49000549316406,144.5,141.05999755859375,142.6999969482422,70462700
2022-12-13 00:00:00+00:00,144.11456298828125,145.47000122070312,149.97000122070312,144.24000549316406,149.5,93886200
2022-12-14 00:00:00+00:00,141.8756103515625,143.2100067138672,146.66000366210938,141.16000366210938,145.35000610351562,82291200
2022-12-15 00:00:00+00:00,135.22811889648438,136.5,141.8000030517578,136.02999877929688,141.11000061035156,98931900
2022-12-16 00:00:00+00:00,133.25665283203125,134.50999450683594,137.64999389648438,133.72999572753906,136.69000244140625,160156900
2022-12-19 00:00:00+00:00,131.1365966796875,132.3699951171875,135.1999969482422,131.32000732421875,135.11000061035156,79592600
2022-12-20 00:00:00+00:00,131.0672607421875,132.3000030517578,133.25,129.88999938964844,131.38999938964844,77432800
2022-12-21 00:00:00+00:00,134.1879119873047,135.4499969482422,136.80999755859375,132.75,132.97999572753906,85928000
2022-12-22 00:00:00+00:00,130.99790954589844,132.22999572753906,134.55999755859375,130.3000030517578,134.35000610351562,77852100
2022-12-23 00:00:00+00:00,130.63137817382812,131.86000061035156,132.4199981689453,129.63999938964844,130.9199981689453,63814900
2022-12-27 00:00:00+00:00,128.81842041015625,130.02999877929688,131.41000366210938,128.72000122070312,131.3800048828125,69007800
2022-12-28 00:00:00+00:00,124.86558532714844,126.04000091552734,131.02999877929688,125.87000274658203,129.6699981689453,85438400
2022-12-29 00:00:00+00:00,128.40234375,129.61000061035156,130.47999572753906,127.7300033569336,127.98999786376953,75703700
2022-12-30 00:00:00+00:00,128.71934509277344,129.92999267578125,129.9499969482422,127.43000030517578,128.41000366210938,77034200
